ticker,entry_date,entry,exit_date,exit,ret_pct
AES,2021-06-11,21.27,2021-07-01,21.64,1.74
FDX,2021-06-11,216.41,2021-07-01,219.17,1.27
CAT,2021-06-11,201.81,2021-07-01,198.16,-1.81
HPQ,2021-06-11,24.99,2021-07-01,25.22,0.9
NWS,2021-06-11,24.47,2021-07-01,23.71,-3.09
XYZ,2021-06-11,219.34,2021-07-01,241.85,10.26
UPS,2021-06-11,162.11,2021-07-01,167.71,3.45
DELL,2021-06-11,47.95,2021-07-01,45.51,-5.09
CINF,2021-06-11,107.63,2021-07-01,104.75,-2.68
CARR,2021-06-11,42.99,2021-08-02,51.06,18.77
BG,2021-06-11,74.03,2021-08-02,67.03,-9.46
KEY,2021-07-01,16.39,2021-08-02,15.33,-6.46
ON,2021-07-01,37.91,2021-08-02,43.64,15.11
FIX,2021-06-11,82.18,2021-08-02,71.55,-12.93
TT,2021-06-11,174.23,2021-08-02,189.23,8.61
BLDR,2021-06-11,43.86,2021-08-02,44.45,1.35
LRCX,2021-06-11,60.83,2021-08-02,60.92,0.15
HCA,2021-06-11,202.53,2021-08-02,240.69,18.84
WSM,2021-06-11,77.19,2021-08-02,70.67,-8.45
DRI,2021-08-02,126.32,2021-09-01,129.28,2.34
CFG,2021-06-11,38.87,2021-09-01,35.41,-8.9
KIM,2021-08-02,17.09,2021-09-01,17.68,3.48
EXPE,2021-06-11,170.82,2021-09-01,144.38,-15.48
DE,2021-06-11,319.84,2021-09-01,353.66,10.57
MOS,2021-06-11,30.69,2021-09-01,28.29,-7.82
NWS,2021-08-02,22.65,2021-09-01,21.44,-5.33
TSLA,2021-06-11,203.3,2021-09-01,244.7,20.36
RF,2021-06-11,17.53,2021-09-01,16.39,-6.46
NCLH,2021-08-02,23.58,2021-09-01,25.16,6.7
TGT,2021-08-02,221.07,2021-09-01,212.45,-3.9
NWSA,2021-06-11,25.66,2021-09-01,21.81,-14.98
PWR,2021-06-11,91.35,2021-09-01,100.98,10.55
MGM,2021-06-11,43.19,2021-09-01,42.18,-2.34
CRWD,2021-06-11,231.27,2021-09-01,269.97,16.73
CVNA,2021-06-11,54.93,2021-09-01,66.1,20.32
TXT,2021-06-11,68.03,2021-09-01,71.57,5.21
GM,2021-06-11,59.06,2021-10-01,51.03,-13.6
SYF,2021-06-11,44.16,2021-10-01,44.85,1.56
CARR,2021-09-01,54.13,2021-10-01,49.05,-9.38
APTV,2021-07-01,158.73,2021-10-01,152.7,-3.8
AXON,2021-08-02,189.64,2021-10-01,178.77,-5.73
DECK,2021-09-01,69.39,2021-10-01,60.91,-12.21
AVY,2021-09-01,207.67,2021-10-01,192.52,-7.29
WFC,2021-09-01,38.69,2021-10-01,41.87,8.22
HWM,2021-06-11,34.86,2021-10-01,31.98,-8.25
LRCX,2021-09-01,56.94,2021-10-01,54.22,-4.78
FITB,2021-06-11,33.65,2021-10-01,36.72,9.12
STX,2021-07-01,74.67,2021-10-01,73.36,-1.76
RJF,2021-10-01,88.69,2021-11-01,93.3,5.21
F,2021-07-01,11.05,2021-11-01,13.31,20.39
GOOGL,2021-10-01,135.34,2021-11-01,142.24,5.09
AIG,2021-10-01,49.81,2021-11-01,54.04,8.49
ZBRA,2021-09-01,582.78,2021-11-01,542.59,-6.9
GOOG,2021-10-01,135.27,2021-11-01,142.52,5.36
ON,2021-09-01,44.68,2021-11-01,54.99,23.08
ALGN,2021-06-11,611.54,2021-11-01,661.46,8.16
STLD,2021-06-11,60.16,2021-11-01,59.94,-0.37
SCHW,2021-07-01,68.85,2021-11-01,76.8,11.55
GE,2021-07-01,65.68,2021-11-01,64.75,-1.42
TPR,2021-06-11,38.91,2021-11-01,34.82,-10.53
FCX,2021-06-11,38.14,2021-11-01,35.94,-5.77
ARES,2021-09-01,66.43,2021-11-01,72.28,8.8
WAT,2021-09-01,416.12,2021-11-01,364.6,-12.38
CRL,2021-09-01,443.79,2021-11-01,440.27,-0.79
MS,2021-09-01,89.45,2021-12-01,82.25,-8.04
SYF,2021-11-01,42.77,2021-12-01,39.51,-7.62
VLO,2021-11-01,67.09,2021-12-01,58.62,-12.63
KIM,2021-10-01,17.59,2021-12-01,17.8,1.2
URI,2021-06-11,294.45,2021-12-01,320.95,9.0
PLTR,2021-11-01,26.56,2021-12-01,19.38,-27.03
SLB,2021-11-01,29.97,2021-12-01,25.65,-14.41
HCA,2021-09-01,242.28,2021-12-01,216.75,-10.54
TXT,2021-10-01,70.68,2021-12-01,68.81,-2.65
CBRE,2021-08-02,95.65,2021-12-01,95.02,-0.66
AXP,2021-11-01,164.79,2021-12-01,141.95,-13.86
REG,2021-11-01,58.86,2021-12-01,56.68,-3.7
LYV,2021-11-01,104.04,2021-12-01,102.83,-1.16
MGM,2021-10-01,44.84,2021-12-01,38.28,-14.62
IVZ,2021-06-11,23.72,2021-12-01,18.02,-24.02
CF,2021-11-01,52.13,2021-12-01,52.1,-0.05
AMAT,2021-06-11,131.18,2021-12-01,145.91,11.24
APO,2021-12-01,64.83,2022-01-03,65.64,1.25
GS,2021-09-01,368.25,2022-01-03,353.79,-3.93
LLY,2021-12-01,239.19,2022-01-03,260.89,9.07
BAC,2021-12-01,38.99,2022-01-03,41.27,5.84
MSTR,2021-06-11,51.64,2022-01-03,55.83,8.1
MOS,2021-11-01,36.87,2022-01-03,35.82,-2.85
TECH,2021-09-01,123.62,2022-01-03,119.4,-3.41
PANW,2021-11-01,84.72,2022-01-03,90.7,7.06
ASML,2021-09-01,804.54,2022-01-03,763.83,-5.06
TSLA,2021-11-01,402.86,2022-01-03,399.93,-0.73
XOM,2021-11-01,55.44,2022-01-03,54.39,-1.88
COF,2021-06-11,146.54,2022-01-03,136.84,-6.62
NTAP,2021-10-01,81.08,2022-01-03,83.17,2.57
CRWD,2021-11-01,269.17,2022-01-03,198.33,-26.32
DXCM,2021-12-01,137.09,2022-01-03,130.2,-5.03
CRL,2021-12-01,361.15,2022-01-03,362.11,0.27
OKE,2021-08-02,39.65,2022-02-01,49.24,24.16
KIM,2022-01-03,20.03,2022-02-01,19.69,-1.71
GOOGL,2022-01-03,143.72,2022-02-01,136.43,-5.07
GOOG,2022-01-03,143.81,2022-02-01,136.67,-4.96
TPL,2021-06-11,160.09,2022-02-01,117.93,-26.33
OXY,2021-08-02,24.09,2022-02-01,36.73,52.46
GNRC,2021-06-11,349.18,2022-02-01,288.02,-17.52
ALB,2021-06-11,160.36,2022-02-01,212.91,32.77
MPC,2021-10-01,57.02,2022-02-01,66.99,17.49
WFC,2021-11-01,46.04,2022-02-01,49.7,7.94
PWR,2021-12-01,109.71,2022-02-01,102.44,-6.63
ZS,2021-11-01,318.68,2022-02-01,261.09,-18.07
FITB,2021-11-01,37.4,2022-02-01,38.9,4.02
WSM,2021-10-01,79.83,2022-02-01,75.87,-4.96
AMAT,2022-01-03,153.86,2022-02-01,133.35,-13.33
ODFL,2022-01-03,169.14,2022-03-01,151.58,-10.38
STLD,2021-12-01,55.16,2022-03-01,67.65,22.65
FIX,2021-12-01,92.01,2022-03-01,82.0,-10.88
LYV,2022-02-01,111.09,2022-03-01,116.7,5.05
MRVL,2022-02-01,71.22,2022-03-01,63.88,-10.31
CBRE,2022-01-03,108.67,2022-03-01,95.54,-12.08
REG,2022-01-03,63.37,2022-03-01,53.99,-14.81
TXT,2022-02-01,68.55,2022-03-01,70.74,3.19
MRNA,2021-06-11,218.85,2022-03-01,149.52,-31.68
FRT,2022-02-01,105.29,2022-03-01,96.89,-7.97
SPG,2021-07-01,100.79,2022-03-01,105.4,4.58
ON,2021-12-01,61.7,2022-03-01,59.65,-3.32
INTU,2021-12-01,643.74,2022-03-01,454.89,-29.34
JCI,2022-01-03,72.88,2022-03-01,57.48,-21.13
IRM,2021-12-01,37.63,2022-03-01,41.94,11.45
ACN,2022-02-01,331.08,2022-03-01,291.67,-11.9
JBL,2022-02-01,61.37,2022-03-01,54.51,-11.17
AMD,2022-01-03,150.24,2022-03-01,113.83,-24.23
TSCO,2022-01-03,43.37,2022-03-01,37.92,-12.58
PFE,2022-02-01,42.13,2022-04-01,40.94,-2.83
HD,2022-03-01,285.39,2022-04-01,270.65,-5.16
INVH,2022-03-01,32.5,2022-04-01,35.62,9.59
AZO,2022-02-01,2011.57,2022-04-01,1974.51,-1.84
ELV,2022-03-01,422.67,2022-04-01,468.77,10.9
SCHW,2022-03-01,73.36,2022-04-01,78.71,7.3
CNP,2022-03-01,24.14,2022-04-01,27.97,15.89
RSG,2022-03-01,114.97,2022-04-01,126.81,10.3
LOW,2022-03-01,203.7,2022-04-01,186.13,-8.62
KKR,2021-12-01,71.23,2022-04-01,57.67,-19.03
STX,2022-01-03,99.01,2022-04-01,78.82,-20.39
ORLY,2022-02-01,43.8,2022-04-01,44.5,1.59
UNH,2022-03-01,439.21,2022-04-01,474.12,7.95
WST,2022-02-01,392.67,2022-04-01,412.23,4.98
HIG,2022-03-01,61.13,2022-04-01,66.69,9.1
AVB,2022-03-01,201.6,2022-04-01,220.4,9.32
EFX,2022-02-01,233.82,2022-04-01,226.43,-3.16
WFC,2022-03-01,45.15,2022-04-01,43.73,-3.14
ARES,2021-12-01,69.75,2022-04-01,72.52,3.97
POOL,2022-02-01,443.92,2022-04-01,399.01,-10.12
APO,2022-04-01,57.53,2022-05-02,47.92,-16.7
BG,2022-04-01,100.31,2022-05-02,102.49,2.18
NOC,2022-04-01,424.77,2022-05-02,409.67,-3.56
MAA,2022-01-03,190.57,2022-05-02,161.6,-15.2
BRO,2022-04-01,70.4,2022-05-02,58.29,-17.2
CVS,2022-03-01,87.96,2022-05-02,83.61,-4.95
BLDR,2022-01-03,83.49,2022-05-02,63.28,-24.21
FCX,2022-04-01,47.94,2022-05-02,37.91,-20.91
HCA,2022-04-01,241.89,2022-05-02,203.37,-15.92
BKR,2022-04-01,33.05,2022-06-01,34.12,3.22
NVDA,2021-12-01,31.34,2022-06-01,18.27,-41.71
IT,2021-08-02,264.97,2022-06-01,260.86,-1.55
F,2021-12-01,14.59,2022-06-01,10.21,-29.98
OKE,2022-04-01,56.84,2022-06-01,53.95,-5.09
CPT,2022-01-03,151.22,2022-06-01,123.71,-18.19
SLB,2022-03-01,34.16,2022-06-01,42.48,24.37
BX,2021-09-01,108.17,2022-06-01,101.57,-6.1
EXR,2021-12-01,164.53,2022-06-01,149.32,-9.25
AVGO,2022-05-02,53.64,2022-06-01,53.38,-0.47
IRM,2022-04-01,48.07,2022-06-01,45.67,-5.0
ARES,2022-05-02,59.05,2022-06-01,60.99,3.28
LYV,2022-05-02,104.84,2022-06-01,94.51,-9.85
REGN,2022-05-02,646.68,2022-07-01,590.52,-8.68
FTNT,2021-09-01,61.69,2022-07-01,57.37,-7.01
PSA,2022-02-01,288.86,2022-07-01,261.19,-9.58
HSY,2022-06-01,188.92,2022-07-01,199.11,5.39
TSLA,2022-05-02,300.98,2022-07-01,227.26,-24.49
COST,2022-02-01,483.35,2022-07-01,463.27,-4.15
ANET,2022-01-03,35.56,2022-07-01,23.35,-34.33
PLD,2022-01-03,144.02,2022-07-01,106.13,-26.31
PAYX,2022-05-02,111.7,2022-07-01,102.49,-8.24
MRVL,2022-05-02,59.13,2022-07-01,41.88,-29.17
DDOG,2021-12-01,164.53,2022-07-01,101.05,-38.58
AAPL,2022-06-01,145.78,2022-07-01,136.2,-6.58
BG,2022-06-01,101.94,2022-08-01,83.84,-17.76
SMCI,2022-07-01,3.91,2022-08-01,5.52,41.17
STLD,2022-04-01,79.99,2022-08-01,73.2,-8.49
HPQ,2022-06-01,34.2,2022-08-01,28.73,-16.0
KR,2022-04-01,52.42,2022-08-01,42.79,-18.37
CB,2022-07-01,188.1,2022-08-01,175.8,-6.54
CNP,2022-07-01,27.54,2022-08-01,28.56,3.7
ALB,2022-07-01,194.66,2022-08-01,227.69,16.97
IRM,2022-07-01,42.72,2022-08-01,42.29,-1.01
NUE,2021-06-11,98.78,2022-08-01,127.57,29.15
BKR,2022-07-01,26.53,2022-09-01,22.6,-14.8
MRK,2022-08-01,78.47,2022-09-01,77.25,-1.56
LLY,2022-04-01,282.17,2022-09-01,300.02,6.33
PFE,2022-06-01,41.91,2022-09-01,37.61,-10.27
COR,2022-06-01,144.44,2022-09-01,142.57,-1.29
TSN,2022-08-01,77.09,2022-09-01,65.81,-14.63
PGR,2022-08-01,103.26,2022-09-01,112.78,9.22
PANW,2022-03-01,96.12,2022-09-01,90.86,-5.48
EIX,2022-08-01,55.87,2022-09-01,56.94,1.91
NI,2022-07-01,26.36,2022-09-01,26.29,-0.27
BG,2022-09-01,88.17,2022-10-03,75.87,-13.95
AZO,2022-06-01,2035.11,2022-10-03,2197.71,7.99
SLB,2022-07-01,32.44,2022-10-03,35.01,7.93
BLDR,2022-06-01,63.81,2022-10-03,60.28,-5.53
HAL,2022-03-01,29.42,2022-10-03,24.34,-17.28
TKO,2022-08-01,66.32,2022-10-03,67.75,2.16
PWR,2022-07-01,125.45,2022-10-03,130.7,4.19
PSX,2022-09-01,75.6,2022-10-03,74.07,-2.03
MTB,2022-08-01,154.72,2022-10-03,160.11,3.48
GIS,2022-08-01,65.3,2022-10-03,67.7,3.67
TRGP,2021-06-11,42.33,2022-11-01,63.37,49.71
FSLR,2022-10-03,136.62,2022-11-01,148.57,8.75
ELV,2022-06-01,468.63,2022-11-01,513.87,9.65
FIX,2022-09-01,99.58,2022-11-01,119.3,19.8
EXC,2022-03-01,36.24,2022-11-01,33.75,-6.87
WMB,2022-04-01,28.13,2022-11-01,28.49,1.27
CNP,2022-09-01,29.01,2022-11-01,25.74,-11.27
VST,2022-05-02,23.07,2022-11-01,21.69,-5.96
CHRW,2022-10-03,90.37,2022-11-01,89.56,-0.89
UNH,2022-08-01,496.97,2022-11-01,509.63,2.55
ANET,2022-09-01,29.32,2022-11-01,31.93,8.89
GWW,2022-09-01,538.4,2022-11-01,572.85,6.4
NUE,2022-10-03,108.65,2022-11-01,127.82,17.64
CNC,2022-08-01,92.25,2022-11-01,85.93,-6.85
SJM,2022-11-01,130.5,2022-12-01,135.46,3.81
SRE,2022-09-01,74.69,2022-12-01,74.86,0.22
ABBV,2022-04-01,139.45,2022-12-01,142.47,2.17
ON,2022-04-01,59.63,2022-12-01,73.99,24.08
ORLY,2022-11-01,55.6,2022-12-01,57.15,2.78
DLTR,2022-06-01,161.01,2022-12-01,149.72,-7.01
ATO,2022-10-03,95.77,2022-12-01,107.82,12.59
SO,2022-10-03,60.88,2022-12-01,59.75,-1.85
ED,2022-07-01,84.8,2022-12-01,86.78,2.33
HUBB,2022-11-01,227.31,2022-12-01,240.7,5.89
ALNY,2022-11-01,213.12,2022-12-01,220.25,3.35
MTB,2022-11-01,148.68,2022-12-01,149.93,0.84
GIS,2022-11-01,69.74,2022-12-01,74.2,6.39
CPB,2022-11-01,45.72,2023-01-03,48.87,6.91
AZO,2022-11-01,2535.0,2023-01-03,2431.06,-4.1
ELV,2022-12-01,495.68,2023-01-03,475.08,-4.15
MOS,2022-04-01,58.84,2023-01-03,38.38,-34.77
PGR,2022-10-03,109.86,2023-01-03,118.75,8.09
HSY,2022-08-01,207.02,2023-01-03,206.33,-0.33
HII,2022-12-01,214.31,2023-01-03,211.94,-1.1
GD,2022-12-01,234.66,2023-01-03,231.25,-1.45
JKHY,2022-12-01,181.85,2023-01-03,167.9,-7.67
GL,2022-12-01,116.87,2023-02-01,116.87,-0.0
COR,2022-11-01,150.98,2023-02-01,156.03,3.34
PFG,2023-01-03,73.89,2023-02-01,81.22,9.92
DE,2023-01-03,405.68,2023-02-01,408.26,0.64
WMB,2023-01-03,27.74,2023-02-01,27.49,-0.9
FICO,2023-01-03,591.19,2023-02-01,682.68,15.48
VRTX,2022-07-01,287.32,2023-02-01,317.27,10.42
EOG,2021-10-01,66.75,2023-02-01,112.72,68.85
BMY,2022-11-01,66.55,2023-02-01,61.49,-7.6
CTVA,2022-06-01,59.72,2023-02-01,62.07,3.94
FANG,2021-07-01,80.57,2023-02-01,125.01,55.15
AMGN,2022-12-01,256.08,2023-02-01,220.68,-13.82
TRGP,2022-12-01,69.34,2023-03-01,70.91,2.26
ADM,2022-04-01,80.52,2023-03-01,71.33,-11.42
TMUS,2022-11-01,145.62,2023-03-01,135.11,-7.22
CPB,2023-02-01,45.23,2023-03-01,45.44,0.46
HUM,2023-02-01,494.26,2023-03-01,477.76,-3.34
LMT,2022-11-01,439.57,2023-03-01,434.74,-1.1
CVX,2022-04-01,138.57,2023-03-01,141.43,2.07
NOC,2022-07-01,455.95,2023-03-01,438.18,-3.9
DVN,2021-06-11,22.87,2023-03-01,47.88,109.37
ORLY,2023-02-01,53.86,2023-03-01,54.95,2.02
WRB,2022-06-01,42.95,2023-03-01,41.66,-3.02
HII,2023-02-01,202.67,2023-03-01,201.36,-0.65
HAL,2022-12-01,34.96,2023-03-01,34.87,-0.24
EXE,2022-03-01,63.61,2023-03-01,72.45,13.89
HWM,2023-02-01,40.17,2023-03-01,42.4,5.55
APA,2021-10-01,18.87,2023-03-01,35.14,86.22
CF,2022-02-01,67.71,2023-03-01,79.03,16.71
GIS,2023-01-03,72.29,2023-03-01,68.92,-4.65
LLY,2022-10-03,312.07,2023-04-03,342.45,9.74
AES,2023-02-01,23.07,2023-04-03,20.51,-11.12
MCK,2022-03-01,266.13,2023-04-03,358.33,34.64
CAT,2023-03-01,236.39,2023-04-03,218.52,-7.56
COP,2021-11-01,63.26,2023-04-03,97.88,54.71
CI,2022-09-01,267.67,2023-04-03,246.31,-7.98
CSGP,2023-03-01,70.03,2023-04-03,68.77,-1.8
PFG,2023-03-01,80.47,2023-04-03,65.53,-18.56
AZO,2023-03-01,2456.37,2023-04-03,2511.54,2.25
OXY,2022-04-01,54.45,2023-04-03,61.62,13.16
EQT,2022-05-02,37.06,2023-04-03,30.33,-18.16
VRTX,2023-03-01,291.23,2023-04-03,316.33,8.62
ALB,2023-03-01,240.41,2023-04-03,208.24,-13.38
NUE,2023-01-03,125.03,2023-04-03,147.85,18.25
ALNY,2023-01-03,233.59,2023-04-03,200.7,-14.08
APD,2023-03-01,265.16,2023-04-03,267.54,0.89
MRK,2022-12-01,98.11,2023-05-01,105.37,7.4
PH,2023-04-03,326.97,2023-05-01,315.6,-3.48
VLO,2022-06-01,117.71,2023-05-01,104.87,-10.91
URI,2023-03-01,452.59,2023-05-01,349.88,-22.69
CMI,2023-04-03,222.17,2023-05-01,218.39,-1.7
PCG,2023-02-01,15.42,2023-05-01,16.95,9.97
TPL,2022-09-01,191.13,2023-05-01,158.47,-17.08
TJX,2023-04-03,75.47,2023-05-01,74.95,-0.68
SLB,2022-11-01,47.13,2023-05-01,45.3,-3.88
SNA,2023-04-03,226.42,2023-05-01,240.94,6.41
GPC,2022-10-03,136.87,2023-05-01,154.6,12.96
VICI,2023-03-01,28.13,2023-05-01,28.55,1.49
ROST,2023-03-01,106.68,2023-05-01,102.27,-4.14
HUBB,2023-02-01,227.36,2023-05-01,261.44,14.99
MNST,2023-04-03,53.58,2023-05-01,56.84,6.08
PSX,2022-12-01,95.44,2023-05-01,87.81,-8.0
IR,2023-05-01,56.93,2023-06-01,57.98,1.84
PDD,2023-01-03,84.53,2023-06-01,69.09,-18.27
IBKR,2023-04-03,20.26,2023-06-01,19.31,-4.68
GILD,2023-02-01,74.67,2023-06-01,68.39,-8.41
STLD,2022-10-03,71.65,2023-06-01,88.24,23.15
CEG,2023-03-01,72.59,2023-06-01,87.09,19.97
ON,2023-04-03,81.14,2023-06-01,87.95,8.39
PGR,2023-03-01,129.88,2023-06-01,117.27,-9.71
TPR,2023-05-01,37.53,2023-06-01,36.69,-2.24
CRH,2023-04-03,48.35,2023-06-01,45.86,-5.15
XOM,2022-03-01,68.52,2023-06-01,93.5,36.45
MPC,2022-04-01,77.32,2023-06-01,99.56,28.76
PCAR,2023-04-03,65.18,2023-06-01,62.7,-3.8
JBL,2023-03-01,83.58,2023-06-01,89.39,6.95
MSCI,2023-05-01,464.13,2023-06-01,450.0,-3.04
ULTA,2023-02-01,523.59,2023-06-01,403.83,-22.87
MRK,2023-06-01,100.47,2023-07-03,104.24,3.75
PODD,2023-05-01,318.87,2023-07-03,283.43,-11.11
NVR,2023-06-01,5570.61,2023-07-03,6286.48,12.85
ROK,2023-06-01,266.76,2023-07-03,313.37,17.47
LII,2023-06-01,274.75,2023-07-03,318.62,15.97
ERIE,2022-12-01,265.3,2023-07-03,199.49,-24.81
ORLY,2023-05-01,61.97,2023-07-03,63.14,1.88
TT,2023-04-03,177.63,2023-07-03,185.73,4.56
GWW,2023-04-03,663.95,2023-07-03,762.67,14.87
MSI,2023-05-01,284.21,2023-07-03,283.35,-0.3
EG,2023-04-03,341.81,2023-07-03,324.38,-5.1
SBUX,2023-05-01,105.75,2023-07-03,91.98,-13.02
PWR,2023-01-03,139.99,2023-07-03,195.03,39.31
BIIB,2023-03-01,272.21,2023-07-03,285.44,4.86
ALNY,2023-05-01,201.87,2023-07-03,189.69,-6.03
MGM,2023-06-01,39.12,2023-07-03,43.8,11.96
TRI,2023-05-01,123.47,2023-07-03,124.74,1.03
MSTR,2023-07-03,37.78,2023-08-01,43.5,15.12
SNPS,2023-07-03,434.01,2023-08-01,453.51,4.49
CEG,2023-07-03,89.75,2023-08-01,94.36,5.13
ON,2023-07-03,96.83,2023-08-01,108.09,11.63
ASML,2023-07-03,715.2,2023-08-01,692.21,-3.21
CDNS,2023-05-01,210.65,2023-08-01,233.63,10.91
BA,2023-05-01,203.87,2023-08-01,238.01,16.75
ARES,2023-07-03,88.18,2023-08-01,93.45,5.97
AMD,2023-07-03,115.82,2023-08-01,117.6,1.54
ANET,2023-05-01,40.04,2023-08-01,46.4,15.89
CMG,2023-06-01,41.65,2023-08-01,39.1,-6.11
AMAT,2023-07-03,141.94,2023-08-01,148.93,4.92
LLY,2023-08-01,443.54,2023-09-01,546.53,23.22
PCG,2023-06-01,16.32,2023-09-01,16.22,-0.6
IBKR,2023-08-01,21.85,2023-09-01,22.79,4.33
UAL,2023-08-01,53.26,2023-09-01,49.72,-6.65
TDG,2023-07-03,766.27,2023-09-01,778.98,1.66
PANW,2023-08-01,126.58,2023-09-01,121.36,-4.13
CAH,2022-10-03,63.85,2023-09-01,83.79,31.24
NCLH,2023-08-01,19.41,2023-09-01,16.4,-15.51
SYK,2023-08-01,271.94,2023-09-01,276.99,1.85
WDAY,2023-07-03,224.59,2023-09-01,248.49,10.64
CPRT,2023-06-01,43.9,2023-09-01,44.98,2.47
DAL,2023-08-01,44.02,2023-09-01,41.56,-5.59
HCA,2023-06-01,261.14,2023-09-01,274.34,5.05
DXCM,2023-06-01,119.58,2023-09-01,101.9,-14.79
GWW,2023-08-01,706.88,2023-09-01,694.53,-1.75
TTD,2023-07-03,77.45,2023-09-01,79.93,3.2
LEN,2023-05-01,103.93,2023-10-02,103.09,-0.8
NVR,2023-08-01,6324.0,2023-10-02,5960.95,-5.74
CARR,2023-09-01,55.82,2023-10-02,52.57,-5.83
FTNT,2023-09-01,60.87,2023-10-02,58.63,-3.68
LVS,2023-03-01,55.31,2023-10-02,43.31,-21.7
DECK,2023-03-01,69.26,2023-10-02,86.26,24.53
WYNN,2023-04-03,109.63,2023-10-02,90.05,-17.86
PCAR,2023-08-01,77.39,2023-10-02,76.14,-1.62
HUBB,2023-06-01,276.29,2023-10-02,298.48,8.03
TKO,2022-11-01,73.96,2023-10-02,83.28,12.61
ISRG,2023-06-01,310.54,2023-10-02,294.98,-5.01
FSLR,2022-12-01,168.54,2023-10-02,156.34,-7.24
BKR,2023-10-02,32.57,2023-11-01,32.83,0.81
DHI,2023-04-03,94.97,2023-11-01,106.26,11.88
PH,2023-09-01,410.64,2023-11-01,360.11,-12.31
URI,2023-09-01,478.73,2023-11-01,399.11,-16.63
MSTR,2023-09-01,35.15,2023-11-01,42.67,21.39
CAT,2023-09-01,274.95,2023-11-01,223.83,-18.59
ORCL,2023-06-01,102.31,2023-11-01,102.81,0.49
AXON,2023-03-01,221.06,2023-11-01,207.15,-6.29
FIX,2023-02-01,120.36,2023-11-01,183.21,52.21
SLB,2023-09-01,55.71,2023-11-01,51.98,-6.7
ACGL,2022-12-01,56.83,2023-11-01,85.58,50.6
BA,2023-10-02,187.83,2023-11-01,189.38,0.83
ARES,2023-10-02,94.29,2023-11-01,93.62,-0.71
MELI,2023-06-01,1258.02,2023-11-01,1300.01,3.34
NFLX,2023-05-01,32.41,2023-11-01,42.02,29.64
APO,2023-09-01,82.88,2023-12-01,89.33,7.77
CMCSA,2023-11-01,35.82,2023-12-01,36.16,0.93
ODFL,2023-09-01,214.27,2023-12-01,199.64,-6.83
SHOP,2023-07-03,64.85,2023-12-01,73.86,13.89
PDD,2023-11-01,102.93,2023-12-01,145.27,41.13
KLAC,2023-11-01,46.58,2023-12-01,53.82,15.52
GOOG,2023-11-01,126.46,2023-12-01,132.15,4.51
ON,2023-11-01,64.84,2023-12-01,74.18,14.4
ALGN,2023-10-02,299.76,2023-12-01,220.45,-26.46
WYNN,2023-11-01,84.51,2023-12-01,83.01,-1.77
DASH,2023-10-02,79.44,2023-12-01,96.58,21.58
CPRT,2023-11-01,43.82,2023-12-01,50.13,14.4
CCL,2023-08-01,17.8,2023-12-01,15.59,-12.4
LRCX,2023-09-01,68.33,2023-12-01,70.51,3.18
PNR,2023-09-01,68.82,2023-12-01,64.51,-6.27
AMAT,2023-09-01,150.58,2023-12-01,148.55,-1.35
BKNG,2023-09-01,122.0,2024-01-02,136.33,11.74
FER,2023-12-01,31.3,2024-01-02,33.73,7.76
AIZ,2023-12-01,161.96,2024-01-02,163.46,0.93
FDX,2023-10-02,202.71,2024-01-02,193.78,-4.4
CBOE,2023-12-01,176.29,2024-01-02,174.27,-1.14
ACGL,2023-12-01,78.57,2024-01-02,71.84,-8.57
INSM,2023-11-01,24.99,2024-01-02,29.94,19.81
VST,2023-11-01,33.17,2024-01-02,37.43,12.84
ETN,2023-09-01,225.65,2024-01-02,231.62,2.65
EME,2023-02-01,147.78,2024-01-02,211.55,43.15
WST,2023-11-01,319.15,2024-01-02,346.16,8.46
STX,2023-12-01,74.7,2024-01-02,78.67,5.31
TTD,2023-11-01,70.76,2024-01-02,70.59,-0.24
SNPS,2023-11-01,475.38,2024-02-01,540.0,13.59
TDG,2023-10-02,704.67,2024-02-01,986.96,40.06
TSLA,2024-01-02,248.42,2024-02-01,188.86,-23.98
CDNS,2023-11-01,244.88,2024-02-01,290.52,18.64
CPRT,2024-01-02,47.51,2024-02-01,49.2,3.56
ARES,2023-12-01,102.92,2024-02-01,113.63,10.41
MELI,2023-12-01,1652.01,2024-02-01,1748.28,5.83
NFLX,2023-12-01,46.57,2024-02-01,56.75,21.85
PDD,2024-01-02,145.64,2024-03-01,126.85,-12.9
FIX,2023-12-01,195.07,2024-03-01,311.97,59.93
CBOE,2024-02-01,180.66,2024-03-01,183.41,1.53
ETN,2024-02-01,256.51,2024-03-01,284.75,11.01
LULU,2024-02-01,461.94,2024-03-01,458.5,-0.74
CCL,2024-01-02,17.11,2024-03-01,15.83,-7.46
KKR,2024-01-02,80.04,2024-03-01,97.56,21.88
JBL,2023-07-03,108.15,2024-03-01,146.54,35.5
LEN,2024-02-01,143.71,2024-04-01,156.67,9.02
DHI,2024-02-01,143.56,2024-04-01,158.06,10.1
SHOP,2024-01-02,73.83,2024-04-01,78.19,5.91
GOOG,2024-03-01,136.87,2024-04-01,155.13,13.34
INTC,2024-01-02,47.17,2024-04-01,44.06,-6.59
ADBE,2023-10-02,521.13,2024-04-01,502.09,-3.65
PANW,2023-12-01,148.08,2024-04-01,139.71,-5.65
INTU,2024-03-01,655.96,2024-04-01,629.71,-4.0
ISRG,2024-03-01,397.9,2024-04-01,394.87,-0.76
WDAY,2024-01-02,268.28,2024-04-01,272.44,1.55
CRM,2024-01-02,251.77,2024-04-01,297.51,18.16
AKAM,2024-03-01,110.24,2024-04-01,109.33,-0.83
MSFT,2023-12-01,367.37,2024-04-01,417.25,13.58
CMG,2024-03-01,53.78,2024-04-01,57.54,7.0
NOW,2023-12-01,138.16,2024-05-01,137.12,-0.75
GE,2023-05-01,79.48,2024-05-01,157.8,98.54
TDG,2024-04-01,1075.81,2024-05-01,1107.16,2.91
FICO,2023-03-01,682.79,2024-05-01,1140.73,67.07
ARES,2024-04-01,123.54,2024-05-01,122.9,-0.52
JBL,2024-04-01,135.02,2024-05-01,113.89,-15.66
KLAC,2024-03-01,70.5,2024-06-03,74.24,5.31
MRVL,2024-04-01,72.7,2024-06-03,67.8,-6.74
PLTR,2023-07-03,15.52,2024-06-03,21.32,37.37
AMZN,2023-12-01,147.03,2024-06-03,178.34,21.29
AVGO,2023-07-03,84.67,2024-06-03,129.54,52.99
LRCX,2024-01-02,73.36,2024-06-03,91.8,25.14
COHR,2024-05-01,54.34,2024-06-03,70.1,29.0
ANET,2023-10-02,46.95,2024-06-03,74.1,57.81
AMD,2023-11-01,108.04,2024-06-03,163.55,51.38
ZS,2024-01-02,212.37,2024-06-03,169.02,-20.41
PSX,2024-05-01,129.78,2024-06-03,129.62,-0.13
DDOG,2024-02-01,126.9,2024-06-03,109.34,-13.84
NFLX,2024-03-01,61.93,2024-06-03,63.38,2.33
AMAT,2024-04-01,204.86,2024-06-03,210.66,2.83
PH,2024-06-03,503.45,2024-07-01,491.6,-2.35
RCL,2023-07-03,100.36,2024-07-01,152.16,51.62
URI,2024-04-01,696.22,2024-07-01,629.77,-9.54
CAT,2024-05-01,322.29,2024-07-01,320.35,-0.6
AXON,2024-06-03,278.53,2024-07-01,289.21,3.83
CRH,2023-08-01,56.8,2024-07-01,71.34,25.61
BLDR,2023-04-03,90.16,2024-07-01,133.99,48.61
MPC,2024-05-01,170.91,2024-07-01,167.71,-1.87
DASH,2024-01-02,96.46,2024-07-01,108.51,12.49
PHM,2023-04-03,57.53,2024-07-01,104.59,81.8
LII,2023-09-01,373.61,2024-07-01,515.26,37.91
UBER,2023-06-01,38.48,2024-07-01,71.1,84.77
APO,2024-04-01,108.79,2024-08-01,112.62,3.53
PDD,2024-04-01,119.16,2024-08-01,127.82,7.27
KEY,2024-06-03,12.91,2024-08-01,13.91,7.79
IBKR,2024-07-01,31.35,2024-08-01,29.44,-6.11
LDOS,2024-06-03,142.09,2024-08-01,141.71,-0.27
TDG,2024-06-03,1186.81,2024-08-01,1123.75,-5.31
WAB,2024-06-03,164.11,2024-08-01,155.19,-5.44
ETN,2024-04-01,303.47,2024-08-01,290.57,-4.25
FANG,2024-07-01,192.54,2024-08-01,187.35,-2.7
DPZ,2024-06-03,504.05,2024-08-01,412.37,-18.19
LLY,2023-10-02,528.07,2024-09-03,944.67,78.89
KLAC,2024-07-01,81.49,2024-09-03,73.12,-10.27
NFLX,2024-08-01,62.49,2024-09-03,67.53,8.08
MU,2024-05-01,108.94,2024-09-03,88.04,-19.18
TPL,2024-08-01,271.3,2024-09-03,269.03,-0.83
AXON,2024-08-01,299.63,2024-09-03,355.16,18.53
AMZN,2024-08-01,184.07,2024-09-03,176.25,-4.25
APH,2024-07-01,66.55,2024-09-03,61.02,-8.31
UBER,2024-08-01,61.02,2024-09-03,71.89,17.81
WDC,2024-05-01,53.05,2024-09-03,47.45,-10.57
CRWD,2023-12-01,235.03,2024-09-03,266.6,13.43
STX,2024-07-01,98.91,2024-09-03,93.44,-5.53
QCOM,2024-07-01,191.69,2024-09-03,156.43,-18.39
CMG,2024-08-01,53.46,2024-09-03,53.52,0.11
AMAT,2024-08-01,193.05,2024-09-03,180.68,-6.41
LEN,2024-09-03,167.67,2024-10-01,177.0,5.56
HIG,2024-09-03,112.75,2024-10-01,114.48,1.53
MCK,2024-09-03,569.78,2024-10-01,494.86,-13.15
SMCI,2022-09-01,6.33,2024-10-01,40.55,540.6
CTAS,2024-09-03,196.88,2024-10-01,200.83,2.01
PNC,2024-09-03,173.76,2024-10-01,169.41,-2.5
NTAP,2024-07-01,125.35,2024-10-01,117.22,-6.48
CASY,2024-09-03,352.32,2024-10-01,374.7,6.35
COST,2024-07-01,836.61,2024-10-01,869.22,3.9
DHI,2024-09-03,180.82,2024-11-01,164.31,-9.13
KLAC,2024-10-01,74.33,2024-11-01,66.02,-11.19
LLY,2024-10-01,873.52,2024-11-01,808.78,-7.41
ALL,2024-09-03,182.84,2024-11-01,177.96,-2.67
DECK,2023-11-01,99.0,2024-11-01,158.12,59.72
LDOS,2024-09-03,152.53,2024-11-01,179.57,17.73
PGR,2024-06-03,192.67,2024-11-01,223.54,16.02
GRMN,2024-06-03,157.33,2024-11-01,192.74,22.51
RTX,2024-10-01,120.56,2024-11-01,115.1,-4.53
CRH,2024-10-01,89.18,2024-11-01,94.05,5.46
DELL,2023-10-02,64.63,2024-11-01,127.58,97.41
UHS,2024-09-03,234.71,2024-11-01,203.73,-13.2
NFLX,2024-10-01,70.61,2024-11-01,75.61,7.08
DVA,2024-11-01,141.59,2024-12-02,163.74,15.64
MPWR,2024-08-01,774.28,2024-12-02,573.23,-25.97
RL,2024-11-01,193.97,2024-12-02,229.05,18.09
ERIE,2024-04-01,388.03,2024-12-02,425.99,9.78
TDG,2024-10-01,1272.57,2024-12-02,1179.37,-7.32
EXR,2024-11-01,149.04,2024-12-02,157.0,5.34
TPR,2024-11-01,45.72,2024-12-02,62.86,37.49
COIN,2023-12-01,133.76,2024-12-02,302.4,126.08
MMM,2024-10-01,132.53,2024-12-02,129.18,-2.53
EFX,2024-11-01,260.3,2024-12-02,255.1,-2.0
HCA,2024-11-01,352.55,2024-12-02,323.37,-8.28
PHM,2024-09-03,126.81,2024-12-02,133.25,5.08
FITB,2024-09-03,39.93,2024-12-02,45.09,12.93
WSM,2024-01-02,97.82,2024-12-02,173.48,77.36
GM,2024-12-02,54.11,2025-01-02,50.61,-6.46
CFG,2024-09-03,40.11,2025-01-02,41.4,3.21
URI,2024-11-01,781.58,2025-01-02,680.77,-12.9
ZBRA,2024-11-01,384.64,2025-01-02,383.76,-0.23
LDOS,2024-12-02,161.08,2025-01-02,141.0,-12.46
BNY,2024-12-02,78.69,2025-01-02,75.1,-4.56
NCLH,2024-12-02,28.35,2025-01-02,25.92,-8.57
AVGO,2024-07-01,161.31,2025-01-02,229.42,42.23
WAB,2024-12-02,198.29,2025-01-02,187.56,-5.41
CBRE,2024-12-02,138.39,2025-01-02,129.9,-6.13
SATS,2024-12-02,25.2,2025-01-02,22.75,-9.72
PWR,2024-11-01,303.0,2025-01-02,315.08,3.99
ISRG,2024-11-01,506.34,2025-01-02,524.03,3.49
AXP,2024-09-03,249.6,2025-01-02,293.67,17.66
FTNT,2025-01-02,94.75,2025-02-03,100.9,6.49
GLW,2024-12-02,48.16,2025-02-03,50.22,4.29
ORCL,2025-01-02,163.39,2025-02-03,166.33,1.8
LITE,2025-01-02,85.6,2025-02-03,84.31,-1.51
META,2023-07-03,283.53,2025-02-03,694.03,144.78
TT,2024-06-03,315.45,2025-02-03,356.26,12.94
PGR,2025-01-02,221.63,2025-02-03,233.66,5.43
IP,2025-01-02,49.83,2025-02-03,52.33,5.02
DELL,2024-12-02,122.67,2025-02-03,97.96,-20.14
NFLX,2025-01-02,88.67,2025-02-03,97.89,10.4
APO,2025-01-02,162.21,2025-03-03,141.8,-12.58
ZBRA,2025-02-03,386.09,2025-03-03,306.84,-20.53
RL,2025-02-03,242.26,2025-03-03,258.38,6.65
FIX,2024-04-01,317.24,2025-03-03,344.05,8.45
DECK,2025-01-02,204.54,2025-03-03,137.24,-32.9
FICO,2024-07-01,1496.51,2025-03-03,1864.88,24.62
COIN,2025-01-02,257.21,2025-03-03,205.75,-20.01
DASH,2024-11-01,155.66,2025-03-03,198.1,27.26
ARM,2024-10-01,136.08,2025-03-03,121.1,-11.01
IRM,2024-08-01,102.86,2025-03-03,85.78,-16.61
COHR,2024-08-01,65.48,2025-03-03,68.27,4.26
PWR,2025-02-03,301.42,2025-03-03,250.57,-16.87
EME,2024-04-01,353.1,2025-03-03,394.71,11.78
CIEN,2025-02-03,85.12,2025-03-03,74.69,-12.25
TTD,2024-12-02,135.16,2025-03-03,67.17,-50.3
MS,2025-03-03,125.08,2025-04-01,112.11,-10.37
NVDA,2023-05-01,28.85,2025-04-01,110.0,281.26
SYF,2024-11-01,53.6,2025-04-01,52.1,-2.81
CFG,2025-03-03,43.15,2025-04-01,38.88,-9.9
VRT,2023-06-01,19.33,2025-04-01,75.16,288.84
CEG,2024-03-01,167.39,2025-04-01,205.58,22.81
LITE,2025-03-03,65.69,2025-04-01,63.59,-3.2
AVGO,2025-02-03,215.33,2025-04-01,167.17,-22.37
DAL,2025-03-03,57.59,2025-04-01,41.79,-27.43
KKR,2024-04-01,98.61,2025-04-01,116.88,18.52
CCL,2025-03-03,23.01,2025-04-01,19.18,-16.64
ANET,2024-07-01,89.18,2025-04-01,78.49,-11.98
MRVL,2025-01-02,113.07,2025-04-01,62.43,-44.79
WSM,2025-01-02,183.43,2025-04-01,155.83,-15.05
GS,2025-03-03,590.37,2025-05-01,540.21,-8.5
BSX,2025-04-01,101.24,2025-05-01,103.19,1.93
UAL,2024-12-02,97.44,2025-05-01,69.16,-29.02
GE,2024-06-03,159.54,2025-05-01,202.54,26.95
TSLA,2025-02-03,383.68,2025-05-01,280.52,-26.89
DASH,2025-04-01,182.42,2025-05-01,196.2,7.55
FISV,2025-04-01,222.01,2025-05-01,183.02,-17.56
GDDY,2024-06-03,140.29,2025-05-01,192.36,37.12
NRG,2024-02-01,52.37,2025-05-01,112.85,115.47
CIEN,2025-04-01,61.54,2025-05-01,71.43,16.07
GLW,2025-03-03,47.46,2025-06-02,49.5,4.29
IBKR,2024-11-01,38.11,2025-06-02,51.81,35.94
BRO,2025-05-01,107.91,2025-06-02,112.4,4.16
GRMN,2024-12-02,207.61,2025-06-02,198.78,-4.25
VST,2024-02-01,42.54,2025-06-02,166.62,291.71
CHRW,2025-05-01,88.3,2025-06-02,94.01,6.47
SATS,2025-02-03,27.55,2025-06-02,18.21,-33.9
LYV,2025-05-01,131.34,2025-06-02,138.55,5.49
AJG,2025-05-01,313.48,2025-06-02,344.2,9.8
IP,2025-03-03,52.28,2025-06-02,45.04,-13.84
INSM,2024-07-01,66.34,2025-06-02,71.68,8.05
TRGP,2024-06-03,111.74,2025-07-01,168.13,50.47
NI,2025-04-01,39.07,2025-07-01,39.02,-0.14
EXPE,2025-06-02,165.86,2025-07-01,172.68,4.11
TTWO,2025-05-01,235.17,2025-07-01,240.1,2.1
MO,2025-06-02,55.81,2025-07-01,54.45,-2.44
ORLY,2025-06-02,91.38,2025-07-01,90.5,-0.96
FICO,2025-04-01,1868.47,2025-07-01,1843.18,-1.35
ATO,2025-06-02,151.26,2025-07-01,150.29,-0.64
CBRE,2025-04-01,131.01,2025-07-01,141.62,8.1
MMM,2025-02-03,145.85,2025-07-01,150.99,3.52
VTR,2025-04-01,67.42,2025-07-01,61.66,-8.54
TKO,2025-01-02,139.84,2025-07-01,172.92,23.66
ALNY,2025-03-03,243.53,2025-07-01,322.06,32.25
TMUS,2025-04-01,262.6,2025-07-01,237.04,-9.73
AEE,2025-06-02,93.76,2025-07-01,93.72,-0.04
GL,2025-05-01,116.72,2025-08-01,136.39,16.84
FOXA,2025-03-03,56.22,2025-08-01,55.02,-2.14
WELL,2025-04-01,151.12,2025-08-01,163.72,8.34
TPL,2024-12-02,495.74,2025-08-01,309.66,-37.53
GILD,2025-04-01,107.69,2025-08-01,110.31,2.43
GE,2025-07-01,247.71,2025-08-01,268.35,8.33
WMT,2024-12-02,91.2,2025-08-01,97.67,7.1
BNY,2025-03-03,86.19,2025-08-01,98.49,14.28
KMI,2025-02-03,26.2,2025-08-01,27.27,4.08
TSLA,2025-06-02,342.69,2025-08-01,302.63,-11.69
ETR,2025-02-03,78.84,2025-08-01,87.43,10.9
VEEV,2025-07-01,282.9,2025-08-01,281.35,-0.55
WMB,2025-01-02,53.23,2025-08-01,58.42,9.74
FFIV,2025-03-03,284.15,2025-08-01,307.43,8.19
CME,2025-07-01,265.11,2025-08-01,270.25,1.94
FOX,2025-03-03,52.63,2025-08-01,50.2,-4.6
PODD,2025-03-03,272.64,2025-09-02,344.92,26.51
BKNG,2025-08-01,213.64,2025-09-02,218.38,2.21
NVDA,2025-08-01,173.49,2025-09-02,170.55,-1.69
FTNT,2025-04-01,96.67,2025-09-02,76.93,-20.42
DRI,2025-08-01,198.83,2025-09-02,203.29,2.25
PM,2025-04-01,152.68,2025-09-02,162.89,6.69
TTWO,2025-08-01,220.58,2025-09-02,240.95,9.23
META,2025-08-01,747.56,2025-09-02,732.71,-1.99
IBM,2025-05-01,232.14,2025-09-02,237.07,2.12
T,2025-04-01,27.0,2025-09-02,28.14,4.22
TKO,2025-08-01,163.08,2025-09-02,182.51,11.92
ZS,2025-08-01,280.27,2025-09-02,274.57,-2.03
CAH,2025-06-02,153.52,2025-09-02,148.33,-3.38
MELI,2025-07-01,2501.4,2025-09-02,2379.76,-4.86
WBD,2025-09-02,11.62,2025-10-01,19.35,66.52
VRSN,2025-05-01,275.52,2025-10-01,272.33,-1.16
ORCL,2025-08-01,242.51,2025-10-01,286.75,18.24
CEG,2025-07-01,306.31,2025-10-01,349.49,14.1
GILD,2025-09-02,109.85,2025-10-01,109.08,-0.7
EQT,2025-07-01,55.07,2025-10-01,55.68,1.1
JCI,2025-07-01,104.06,2025-10-01,108.26,4.03
ETR,2025-09-02,85.8,2025-10-01,91.67,6.85
TSLA,2025-09-02,329.36,2025-10-01,459.46,39.5
EBAY,2025-09-02,89.03,2025-10-01,86.74,-2.57
TRMB,2025-09-02,78.57,2025-10-01,79.41,1.07
VRT,2025-08-01,141.43,2025-10-01,161.46,14.16
PWR,2025-09-02,374.42,2025-10-01,420.46,12.3
FFIV,2025-09-02,306.73,2025-10-01,327.29,6.7
CRWD,2025-08-01,446.66,2025-10-01,499.96,11.93
MS,2025-10-01,154.26,2025-11-03,161.88,4.94
PODD,2025-10-01,305.98,2025-11-03,318.77,4.18
JPM,2025-10-01,306.25,2025-11-03,306.39,0.05
SYF,2025-10-01,68.99,2025-11-03,73.11,5.97
MSTR,2023-12-01,52.77,2025-11-03,264.67,401.57
SCHW,2025-09-02,95.18,2025-11-03,92.24,-3.09
UAL,2025-07-01,80.05,2025-11-03,96.11,20.06
DLTR,2025-10-01,90.32,2025-11-03,100.85,11.66
BNY,2025-09-02,103.32,2025-11-03,107.16,3.72
COF,2025-10-01,210.95,2025-11-03,219.08,3.85
BA,2025-10-01,215.2,2025-11-03,204.55,-4.95
CCL,2025-08-01,28.76,2025-11-03,28.4,-1.24
WFC,2025-10-01,79.6,2025-11-03,85.93,7.95
LYV,2025-07-01,149.88,2025-11-03,149.84,-0.03
NTRS,2025-08-01,124.24,2025-11-03,125.62,1.11
GS,2025-10-01,774.13,2025-12-01,799.11,3.23
CVNA,2023-09-01,10.17,2025-12-01,75.05,637.97
RCL,2024-10-01,168.86,2025-12-01,262.92,55.71
VRSN,2025-11-03,242.26,2025-12-01,249.43,2.96
AXON,2024-10-01,399.22,2025-12-01,533.21,33.56
IBKR,2025-07-01,56.06,2025-12-01,63.41,13.1
ORCL,2025-11-03,256.28,2025-12-01,199.71,-22.07
TTWO,2025-10-01,255.4,2025-12-01,249.34,-2.37
COIN,2025-08-01,314.69,2025-12-01,259.84,-17.43
TSLA,2025-11-03,468.37,2025-12-01,430.14,-8.16
DASH,2025-06-02,212.79,2025-12-01,205.58,-3.39
VST,2025-07-01,184.39,2025-12-01,173.16,-6.09
TKO,2025-10-01,196.46,2025-12-01,191.73,-2.4
EME,2025-08-01,623.76,2025-12-01,607.12,-2.67
WSM,2025-11-03,191.25,2025-12-01,181.14,-5.29
NFLX,2025-03-03,97.37,2025-12-01,109.13,12.08
NVDA,2025-12-01,179.69,2026-01-02,188.62,4.97
SHOP,2025-06-02,106.54,2026-01-02,157.2,47.55
APTV,2025-12-01,76.94,2026-01-02,78.44,1.95
C,2025-09-02,93.29,2026-01-02,117.53,25.98
SMCI,2025-11-03,50.75,2026-01-02,30.96,-39.0
RTX,2025-12-01,166.77,2026-01-02,185.86,11.45
JBL,2025-07-01,215.86,2026-01-02,240.26,11.3
ANET,2025-12-01,128.11,2026-01-02,133.6,4.29
ZS,2025-10-01,304.53,2026-01-02,220.57,-27.57
CRWD,2025-11-03,551.92,2026-01-02,453.58,-17.82
TER,2025-12-01,179.49,2026-01-02,207.39,15.55
MPWR,2025-12-01,924.93,2026-02-02,1170.88,26.59
HAS,2026-01-02,81.73,2026-02-02,92.44,13.1
VLO,2026-01-02,163.53,2026-02-02,178.28,9.02
PSKY,2025-11-03,15.21,2026-02-02,11.07,-27.22
WELL,2026-01-02,185.65,2026-02-02,186.13,0.26
CEG,2026-01-02,365.19,2026-02-02,270.1,-26.04
COR,2026-01-02,337.51,2026-02-02,362.1,7.29
RL,2025-07-01,269.85,2026-02-02,355.56,31.76
WYNN,2026-01-02,121.98,2026-02-02,108.66,-10.92
CVS,2026-01-02,78.78,2026-02-02,74.76,-5.1
VRT,2025-12-01,179.14,2026-02-02,189.93,6.02
HCA,2026-01-02,468.75,2026-02-02,495.12,5.63
ALNY,2025-10-01,460.65,2026-02-02,339.11,-26.38
AMAT,2026-01-02,268.2,2026-02-02,327.58,22.14
FSLR,2026-02-02,230.55,2026-03-02,199.86,-13.31
FER,2025-11-03,61.73,2026-03-02,72.22,17.0
EXPE,2026-02-02,275.49,2026-03-02,212.33,-22.93
NRG,2025-07-01,154.2,2026-03-02,175.04,13.52
GE,2025-09-02,274.34,2026-03-02,345.24,25.84
TPR,2025-01-02,64.23,2026-03-02,155.56,142.18
EA,2026-02-02,203.22,2026-03-02,200.87,-1.15
RTX,2026-02-02,199.59,2026-03-02,211.28,5.86
JCI,2026-02-02,122.26,2026-03-02,144.61,18.28
HWM,2024-06-03,84.19,2026-03-02,264.99,214.77
C,2026-02-02,115.68,2026-03-02,110.93,-4.11
MNST,2026-02-02,81.1,2026-03-02,81.06,-0.05
TEL,2025-12-01,224.19,2026-03-02,211.16,-5.81
IDXX,2025-12-01,728.97,2026-03-02,636.7,-12.66
GM,2026-02-02,83.89,2026-04-01,74.88,-10.74
NVDA,2026-02-02,185.38,2026-04-01,175.55,-5.31
BG,2026-03-02,119.89,2026-04-01,127.55,6.39
APP,2023-10-02,40.82,2026-04-01,387.84,850.12
LUV,2026-03-02,47.85,2026-04-01,38.06,-20.46
EL,2026-03-02,99.8,2026-04-01,70.44,-29.42
DLTR,2026-02-02,117.22,2026-04-01,108.7,-7.27
ANET,2026-03-02,129.3,2026-04-01,124.85,-3.44
CAH,2025-12-01,206.98,2026-04-01,212.02,2.43
CVNA,2026-01-02,80.05,2026-04-01,62.42,-22.03
ADI,2026-04-01,319.7,2026-05-01,396.6,24.05
DG,2026-02-02,142.83,2026-05-01,114.43,-19.89
PLTR,2024-09-03,30.51,2026-05-01,144.07,372.21
APH,2025-08-01,103.76,2026-05-01,142.3,37.14
JCI,2026-04-01,134.35,2026-05-01,144.68,7.69
HOOD,2024-04-01,19.41,2026-05-01,73.66,279.5
AVGO,2025-06-02,246.71,2026-05-01,421.28,70.76
LHX,2026-03-02,375.64,2026-05-01,312.11,-16.91
VTRS,2026-04-01,13.53,2026-05-01,14.93,10.34
NRG,2026-04-01,149.44,2026-05-01,153.37,2.63
ULTA,2026-03-02,677.0,2026-05-01,531.95,-21.43
MRNA,2026-04-01,50.03,2026-06-01,46.06,-7.94
DD,2026-05-01,46.06,2026-06-01,47.59,3.33
FCX,2026-03-02,68.14,2026-06-01,67.04,-1.61
HII,2025-12-01,304.38,2026-06-01,296.41,-2.62
MPC,2026-05-01,245.21,2026-06-01,258.66,5.48
HWM,2026-04-01,238.93,2026-06-01,255.52,6.94
C,2026-05-01,126.84,2026-06-01,129.09,1.77
PSX,2026-05-01,174.92,2026-06-01,180.24,3.04
LITE,2025-05-01,61.52,보유중,869.98,1314.14
GEV,2025-05-01,381.26,보유중,1048.86,175.11
CIEN,2025-06-02,81.75,보유중,436.72,434.21
FIX,2025-07-01,520.49,보유중,1931.77,271.14
STX,2025-08-01,153.65,보유중,1066.07,593.82
GLW,2025-09-02,68.01,보유중,175.4,157.92
WDC,2025-09-02,81.69,보유중,712.13,771.76
SATS,2025-10-01,79.5,보유중,111.7,40.5
INSM,2025-10-01,147.28,보유중,98.45,-33.15
KLAC,2025-11-03,121.4,보유중,238.73,96.65
WBD,2025-11-03,22.29,보유중,26.24,17.72
MU,2025-11-03,234.51,보유중,1043.19,344.84
INTC,2025-11-03,39.5,보유중,121.1,206.58
ASML,2025-11-03,1063.09,보유중,1867.83,75.7
NEM,2025-11-03,81.03,보유중,105.67,30.41
LRCX,2025-11-03,160.67,보유중,374.18,132.89
GOOGL,2025-12-01,314.28,보유중,363.79,15.76
GOOG,2025-12-01,314.5,보유중,362.1,15.13
CAT,2025-12-01,565.66,보유중,955.92,68.99
CHRW,2025-12-01,158.59,보유중,185.2,16.78
AMD,2025-12-01,219.76,보유중,512.48,133.2
COHR,2026-01-02,194.33,보유중,378.85,94.95
CMI,2026-02-02,591.28,보유중,717.78,21.39
ALB,2026-02-02,164.1,보유중,166.56,1.5
TER,2026-02-02,249.33,보유중,408.56,63.86
MPWR,2026-03-02,1140.3,보유중,1448.21,27.0
VRT,2026-03-02,257.64,보유중,317.58,23.27
AMAT,2026-03-02,371.72,보유중,592.92,59.51
SNDK,2026-03-02,619.08,보유중,1958.8,216.4
EME,2026-03-02,735.41,보유중,827.5,12.52
PWR,2026-03-02,572.55,보유중,714.85,24.85
IVZ,2026-03-02,25.93,보유중,28.79,11.04
GNRC,2026-04-01,199.05,보유중,268.2,34.74
TPR,2026-04-01,143.94,보유중,145.87,1.34
KEYS,2026-04-01,289.84,보유중,350.7,21.0
JBL,2026-04-01,271.9,보유중,374.98,37.91
BKR,2026-05-01,68.89,보유중,60.07,-12.8
VLO,2026-05-01,245.7,보유중,239.77,-2.41
MRVL,2026-05-01,164.95,보유중,289.54,75.53
FDX,2026-05-01,317.22,보유중,325.93,2.75
HAL,2026-05-01,41.48,보유중,36.23,-12.66
DELL,2026-05-01,210.17,보유중,419.32,99.51
APA,2026-05-01,40.13,보유중,33.93,-15.45
ADI,2026-06-01,401.59,보유중,414.45,3.2
JBHT,2026-06-01,279.46,보유중,267.24,-4.37
ON,2026-06-01,120.92,보유중,112.92,-6.62
STLD,2026-06-01,261.59,보유중,270.13,3.26
CASY,2026-06-01,745.58,보유중,850.85,14.12
VTRS,2026-06-01,15.81,보유중,15.73,-0.51
ANET,2026-06-01,170.68,보유중,164.93,-3.37
NUE,2026-06-01,251.49,보유중,252.6,0.44
